"a","a"
"aaron","aaron"
"abaissiez","abaissiez"
"abandon","abandon"
"abandoned","abandon"
"abase","abas"
"abash","abash"
"abate","abat"
"abated","abat"
"abatement","abat"
"abatements","abat"
"abates","abat"
"abbess","abbess"
"abbey","abbei"
"abbeys","abbei"
"abbominable","abbomin"
"abbot","abbot"
"abbots","abbot"
"abbreviated","abbrevi"
"abed","ab"
"abel","abel"
"aberga","aberga"
"abergavenny","abergavenni"
"abet","abet"
"abetting","abet"
"abhominable","abhomin"
"abhor","abhor"
"abhorr","abhorr"
"abhorred","abhor"
"abhorring","abhor"
"abhors","abhor"
"abhorson","abhorson"
"abide","abid"
"abides","abid"
"abilities","abil"
"ability","abil"
"abject","abject"
"abjectly","abjectli"
"abjects","abject"
"abjur","abjur"
"abjure","abjur"
"able","abl"
"abler","abler"
"aboard","aboard"
"abode","abod"
"aboded","abod"
"abodements","abod"
"aboding","abod"
"abominable","abomin"
"abominably","abomin"
"abominations","abomin"
"abortive","abort"
"abortives","abort"
"abound","abound"
"abounding","abound"
"about","about"
"above","abov"
"abr","abr"
"abraham","abraham"
"abram","abram"
"abreast","abreast"
"abridg","abridg"
"abridge","abridg"
"abridged","abridg"
"abridgment","abridg"
"abroach","abroach"
"abroad","abroad"
"abrogate","abrog"
"abrook","abrook"
"abrupt","abrupt"
"abruption","abrupt"
"abruptly","abruptli"
"absence","absenc"
"absent","absent"
"absey","absei"
"absolute","absolut"
"absolutely","absolut"
"absolv","absolv"
"absolver","absolv"
"abstains","abstain"
"abstemious","abstemi"
"abstinence","abstin"
"abstract","abstract"
"absurd","absurd"
"absyrtus","absyrtu"
"abundance","abund"
"abundant","abund"
"abundantly","abundantli"
"abus","abu"
"abuse","abus"
"abused","abus"
"abuser","abus"
"abuses","abus"
"abusing","abus"
"abutting","abut"
"aby","abi"
"abysm","abysm"
"ac","ac"
"academe","academ"
"academes","academ"
"accent","accent"
"accents","accent"
"accept","accept"
"acceptable","accept"
"acceptance","accept"
"accepted","accept"
"accepts","accept"
"access","access"
"accessary","accessari"
"accessible","access"
"accidence","accid"
"accident","accid"
"accidental","accident"
"accidentally","accident"
"accidents","accid"
"accite","accit"
"accited","accit"
"accites","accit"
"acclamations","acclam"
"accommodate","accommod"
"accommodated","accommod"
"accommodation","accommod"
"accommodations","accommod"
"accommodo","accommodo"
"accompanied","accompani"
"accompany","accompani"
"accompanying","accompani"
"accomplices","accomplic"
"accomplish","accomplish"
"accomplished","accomplish"
"accomplishing","accomplish"
"accomplishment","accomplish"
"accompt","accompt"
"accord","accord"
"accordant","accord"
"accorded","accord"
"accordeth","accordeth"
"according","accord"
"accordingly","accordingli"
"accords","accord"
"accost","accost"
"accosted","accost"
"account","account"
"accountant","account"
"accounted","account"
"accounts","account"
"accoutred","accoutr"
"accoutrement","accoutr"
"accoutrements","accoutr"
"accrue","accru"
"accumulate","accumul"
"accumulated","accumul"
"accumulation","accumul"
"accurs","accur"
"accursed","accurs"
"accurst","accurst"
"accus","accu"
"accusation","accus"
"accusations","accus"
"accusative","accus"
"accusativo","accusativo"
"accuse","accus"
"accused","accus"
"accuser","accus"
"accusers","accus"
"accuses","accus"
"accuseth","accuseth"
"accusing","accus"
"accustom","accustom"
"accustomed","accustom"
"ace","ac"
"acerb","acerb"
"ache","ach"
"acheron","acheron"
"aches","ach"
"achiev","achiev"
"achieve","achiev"
"achieved","achiev"
"achievement","achiev"
"achievements","achiev"
"achiever","achiev"
"achieves","achiev"
"achieving","achiev"
"achilles","achil"
"aching","ach"
"achitophel","achitophel"
"acknowledg","acknowledg"
"acknowledge","acknowledg"
"acknowledged","acknowledg"
"acknowledgment","acknowledg"
"acknown","acknown"
"acold","acold"
"aconitum","aconitum"
"acordo","acordo"
"acorn","acorn"
"acquaint","acquaint"
"acquaintance","acquaint"
"acquainted","acquaint"
"acquaints","acquaint"
"acquir","acquir"
"acquire","acquir"
"acquisition","acquisit"
"acquit","acquit"
"acquittance","acquitt"
"acquittances","acquitt"
"acquitted","acquit"
"acre","acr"
"acres","acr"
"across","across"
"act","act"
"actaeon","actaeon"
"acted","act"
"acting","act"
"action","action"
"actions","action"
"actium","actium"
"active","activ"
"actively","activ"
"activity","activ"
"actor","actor"
"actors","actor"
"acts","act"
"actual","actual"
"acture","actur"
"acute","acut"
"acutely","acut"
"ad","ad"
"adage","adag"
"adallas","adalla"
"adam","adam"
"adamant","adam"
"add","add"
"added","ad"
"adder","adder"
"adders","adder"
"addeth","addeth"
"addict","addict"
"addicted","addict"
"addiction","addict"
"adding","ad"
"addition","addit"
"additions","addit"
"addle","addl"
"address","address"
"addressing","address"
"addrest","addrest"
"adds","add"
"adhere","adher"
"adheres","adher"
"adieu","adieu"
"adieus","adieu"
"adjacent","adjac"
"adjoin","adjoin"
"adjoining","adjoin"
"adjourn","adjourn"
"adjudg","adjudg"
"adjudged","adjudg"
"adjunct","adjunct"
"administer","administ"
"administration","administr"
"admir","admir"
"admirable","admir"
"admiral","admir"
"admiration","admir"
"admire","admir"
"admired","admir"
"admirer","admir"
"admiring","admir"
"admiringly","admiringli"
"admission","admiss"
"admit","admit"
"admits","admit"
"admittance","admitt"
"admitted","admit"
"admitting","admit"
"admonish","admonish"
"admonishing","admonish"
"admonishment","admonish"
"admonishments","admonish"
"admonition","admonit"
"ado","ado"
"adonis","adoni"
"adopt","adopt"
"adopted","adopt"
"adoptedly","adoptedli"
"adoption","adopt"
"adoptious","adopti"
"adopts","adopt"
"ador","ador"
"adoration","ador"
"adorations","ador"
"adore","ador"
"adorer","ador"
"adores","ador"
"adorest","adorest"
"adoreth","adoreth"
"adoring","ador"
"adorn","adorn"
"adorned","adorn"
"adornings","adorn"
"adornment","adorn"
"adorns","adorn"
"adown","adown"
"adramadio","adramadio"
"adrian","adrian"
"adriana","adriana"
"adriano","adriano"
"adriatic","adriat"
"adsum","adsum"
"adulation","adul"
"adulterate","adulter"
"adulterates","adulter"
"adulterers","adulter"
"adulteress","adulteress"
"adulteries","adulteri"
"adulterous","adulter"
"adultery","adulteri"
"adultress","adultress"
"advanc","advanc"
"advance","advanc"
"advanced","advanc"
"advancement","advanc"
"advancements","advanc"
"advances","advanc"
"advancing","advanc"
"advantage","advantag"
"advantageable","advantag"
"advantaged","advantag"
"advantageous","advantag"
"advantages","advantag"
"advantaging","advantag"
"advent","advent"
"adventur","adventur"
"adventure","adventur"
"adventures","adventur"
"adventuring","adventur"
"adventurous","adventur"
"adventurously","adventur"
"adversaries","adversari"
"adversary","adversari"
"adverse","advers"
"adversely","advers"
"adversities","advers"
"adversity","advers"
"advertis","adverti"
"advertise","advertis"
"advertised","advertis"
"advertisement","advertis"
"advertising","advertis"
"advice","advic"
"advis","advi"
"advise","advis"
"advised","advis"
"advisedly","advisedli"
"advises","advis"
"advisings","advis"
"advocate","advoc"
"advocation","advoc"
"aeacida","aeacida"
"aeacides","aeacid"
"aedile","aedil"
"aediles","aedil"
"aegeon","aegeon"
"aegion","aegion"
"aegles","aegl"
"aemelia","aemelia"
"aemilia","aemilia"
"aemilius","aemiliu"
"aeneas","aenea"
"aeolus","aeolu"
"aer","aer"
"aerial","aerial"
"aery","aeri"
"aesculapius","aesculapiu"
"aeson","aeson"
"aesop","aesop"
"aetna","aetna"
"afar","afar"
"afear","afear"
"afeard","afeard"
"affability","affabl"
"affable","affabl"
"affair","affair"
"affaire","affair"
"affairs","affair"
"affect","affect"
"affectation","affect"
"affectations","affect"
"affected","affect"
"affectedly","affectedli"
"affecteth","affecteth"
"affecting","affect"
"affection","affect"
"affectionate","affection"
"affectionately","affection"
"affections","affect"
"affects","affect"
"affeer","affeer"
"affianc","affianc"
"affiance","affianc"
"affianced","affianc"
"affied","affi"
"affin","affin"
"affined","affin"
"affinity","affin"
"affirm","affirm"
"affirmation","affirm"
"affirmatives","affirm"
"afflict","afflict"
"afflicted","afflict"
"affliction","afflict"
"afflictions","afflict"
"afflicts","afflict"
"afford","afford"
"affordeth","affordeth"
"affords","afford"
"affray","affrai"
"affright","affright"
"affrighted","affright"
"affrights","affright"
"affront","affront"
"affronted","affront"
"affy","affi"
"afield","afield"
"afire","afir"
"afloat","afloat"
"afoot","afoot"
"afore","afor"
"aforehand","aforehand"
"aforesaid","aforesaid"
"afraid","afraid"
"afresh","afresh"
"afric","afric"
"africa","africa"
"african","african"
"afront","afront"
"after","after"
"afternoon","afternoon"
"afterward","afterward"
"afterwards","afterward"
"ag","ag"
"again","again"
"against","against"
"agamemmon","agamemmon"
"agamemnon","agamemnon"
"agate","agat"
"agaz","agaz"
"age","ag"
"aged","ag"
"agenor","agenor"
"agent","agent"
"agents","agent"
"ages","ag"
"aggravate","aggrav"
"aggrief","aggrief"
"agile","agil"
"agincourt","agincourt"
"agitation","agit"
"aglet","aglet"
"agnize","agniz"
"ago","ago"
"agone","agon"
"agony","agoni"
"agree","agre"
"agreed","agre"
"agreeing","agre"
"agreement","agreement"
"agrees","agre"
"agrippa","agrippa"
"aground","aground"
"ague","agu"
"aguecheek","aguecheek"
"agued","agu"
"agueface","aguefac"
"agues","agu"
"ah","ah"
"aha","aha"
"ahungry","ahungri"
"ai","ai"
"aialvolio","aialvolio"
"aiaria","aiaria"
"aid","aid"
"aidance","aidanc"
"aidant","aidant"
"aided","aid"
"aiding","aid"
"aidless","aidless"
"aids","aid"
"ail","ail"
"aim","aim"
"aimed","aim"
"aimest","aimest"
"aiming","aim"
"aims","aim"
"ainsi","ainsi"
"aio","aio"
"air","air"
"aired","air"
"airless","airless"
"airs","air"
"airy","airi"
"ajax","ajax"
"akilling","akil"
"al","al"
"alabaster","alabast"
"alack","alack"
"alacrity","alacr"
"alarbus","alarbu"
"alarm","alarm"
"alarms","alarm"
"alarum","alarum"
"alarums","alarum"
"alas","ala"
"alb","alb"
"alban","alban"
"albans","alban"
"albany","albani"
"albeit","albeit"
"albion","albion"
"alchemist","alchemist"
"alchemy","alchemi"
"alcibiades","alcibiad"
"alcides","alcid"
"alder","alder"
"alderman","alderman"
"aldermen","aldermen"
"ale","al"
"alecto","alecto"
"alehouse","alehous"
"alehouses","alehous"
"alencon","alencon"
"alengon","alengon"
"aleppo","aleppo"
"ales","al"
"alewife","alewif"
"alexander","alexand"
"alexanders","alexand"
"alexandria","alexandria"
"alexandrian","alexandrian"
"alexas","alexa"
"alias","alia"
"alice","alic"
"alien","alien"
"aliena","aliena"
"alight","alight"
"alighted","alight"
"alights","alight"
"aliis","alii"
"alike","alik"
"alisander","alisand"
"alive","aliv"
"all","all"
"alla","alla"
"allay","allai"
"allayed","allai"
"allaying","allai"
"allayment","allay"
"allayments","allay"
"allays","allai"
"allegation","alleg"
"allegations","alleg"
"allege","alleg"
"alleged","alleg"
"allegiance","allegi"
"allegiant","allegi"
"alley","allei"
"alleys","allei"
"allhallowmas","allhallowma"
"alliance","allianc"
"allicholy","allicholi"
"allied","alli"
"allies","alli"
"alligant","allig"
"alligator","allig"
"allons","allon"
"allot","allot"
"allots","allot"
"allotted","allot"
"allottery","allotteri"
"allow","allow"
"allowance","allow"
"allowed","allow"
"allowing","allow"
"allows","allow"
"allur","allur"
"allure","allur"
"allurement","allur"
"alluring","allur"
"allusion","allus"
"ally","alli"
"allycholly","allycholli"
"almain","almain"
"almanac","almanac"
"almanack","almanack"
"almanacs","almanac"
"almighty","almighti"
"almond","almond"
"almost","almost"
"alms","alm"
"almsman","almsman"
"aloes","alo"
"aloft","aloft"
"alone","alon"
"along","along"
"alonso","alonso"
"aloof","aloof"
"aloud","aloud"
"alphabet","alphabet"
"alphabetical","alphabet"
"alphonso","alphonso"
"alps","alp"
"already","alreadi"
"also","also"
"alt","alt"
"altar","altar"
"altars","altar"
"alter","alter"
"alteration","alter"
"altered","alter"
"alters","alter"
"althaea","althaea"
"although","although"
"altitude","altitud"
"altogether","altogeth"
"alton","alton"
"alway","alwai"
"always","alwai"
"am","am"
"amaimon","amaimon"
"amain","amain"
"amaking","amak"
"amamon","amamon"
"amaz","amaz"
"amaze","amaz"
"amazed","amaz"
"amazedly","amazedli"
"amazedness","amazed"
"amazement","amaz"
"amazes","amaz"
"amazeth","amazeth"
"amazing","amaz"
"amazon","amazon"
"amazonian","amazonian"
"amazons","amazon"
"ambassador","ambassador"
"ambassadors","ambassador"
"amber","amber"
"ambiguides","ambiguid"
"ambiguities","ambigu"
"ambiguous","ambigu"
"ambition","ambit"
"ambitions","ambit"
"ambitious","ambiti"
"ambitiously","ambiti"
"amble","ambl"
"ambled","ambl"
"ambles","ambl"
"ambling","ambl"
"ambo","ambo"
"ambuscadoes","ambuscado"
"ambush","ambush"
"amen","amen"
"amend","amend"
"amended","amend"
"amendment","amend"
"amends","amend"
"amerce","amerc"
"america","america"
"ames","am"
"amiable","amiabl"
"amid","amid"
"amidst","amidst"
"amiens","amien"
"amis","ami"
"amiss","amiss"
"amities","amiti"
"amity","amiti"
"amnipotent","amnipot"
"among","among"
"amongst","amongst"
"amorous","amor"
"amorously","amor"
"amort","amort"
"amount","amount"
"amounts","amount"
"amour","amour"
"amphimacus","amphimacu"
"ample","ampl"
"ampler","ampler"
"amplest","amplest"
"amplified","amplifi"
"amplify","amplifi"
"amply","ampli"
"ampthill","ampthil"
"amurath","amurath"
"amyntas","amynta"
"an","an"
"anatomiz","anatomiz"
"anatomize","anatom"
"anatomy","anatomi"
"ancestor","ancestor"
"ancestors","ancestor"
"ancestry","ancestri"
"anchises","anchis"
"anchor","anchor"
"anchorage","anchorag"
"anchored","anchor"
"anchoring","anchor"
"anchors","anchor"
"anchovies","anchovi"
"ancient","ancient"
"ancientry","ancientri"
"ancients","ancient"
"ancus","ancu"
"and","and"
"andirons","andiron"
"andpholus","andpholu"
"andren","andren"
"andrew","andrew"
"andromache","andromach"
"andronici","andronici"
"andronicus","andronicu"
"anew","anew"
"ang","ang"
"angel","angel"
"angelica","angelica"
"angelical","angel"
"angelo","angelo"
"angels","angel"
"anger","anger"
"angerly","angerli"
"angers","anger"
"anges","ang"
"angiers","angier"
"angl","angl"
"anglais","anglai"
"angle","angl"
"angler","angler"
"angleterre","angleterr"
"angliae","anglia"
"angling","angl"
"anglish","anglish"
"angrily","angrili"
"angry","angri"
"anguish","anguish"
"angus","angu"
"animal","anim"
"animals","anim"
"animis","animi"
"anjou","anjou"
"ankle","ankl"
"anna","anna"
"annals","annal"
"anne","ann"
"annex","annex"
"annexed","annex"
"annexions","annexion"
"annexment","annex"
"annothanize","annothan"
"announces","announc"
"annoy","annoi"
"annoyance","annoy"
"annoying","annoi"
"annual","annual"
"anoint","anoint"
"anointed","anoint"
"anon","anon"
"another","anoth"
"anselmo","anselmo"
"answer","answer"
"answerable","answer"
"answered","answer"
"answerest","answerest"
"answering","answer"
"answers","answer"
"ant","ant"
"ante","ant"
"antenor","antenor"
"antenorides","antenorid"
"anteroom","anteroom"
"anthem","anthem"
"anthems","anthem"
"anthony","anthoni"
"anthropophagi","anthropophagi"
"anthropophaginian","anthropophaginian"
"antiates","antiat"
"antic","antic"
"anticipate","anticip"
"anticipates","anticip"
"anticipatest","anticipatest"
"anticipating","anticip"
"anticipation","anticip"
"antick","antick"
"anticly","anticli"
"antics","antic"
"antidote","antidot"
"antidotes","antidot"
"antigonus","antigonu"
"antiopa","antiopa"
"antipathy","antipathi"
"antipholus","antipholu"
"antipholuses","antipholus"
"antipodes","antipod"
"antiquary","antiquari"
"antique","antiqu"
"antiquity","antiqu"
"antium","antium"
"antoniad","antoniad"
"antonio","antonio"
"antonius","antoniu"
"antony","antoni"
"antres","antr"
"anvil","anvil"
"any","ani"
"anybody","anybodi"
"anyone","anyon"
"anything","anyth"
"anywhere","anywher"
"ap","ap"
"apace","apac"
"apart","apart"
"apartment","apart"
"apartments","apart"
"ape","ap"
"apemantus","apemantu"
"apennines","apennin"
"apes","ap"
"apiece","apiec"
"apish","apish"
"apollinem","apollinem"
"apollo","apollo"
"apollodorus","apollodoru"
"apology","apolog"
"apoplex","apoplex"
"apoplexy","apoplexi"
"apostle","apostl"
"apostles","apostl"
"apostrophas","apostropha"
"apoth","apoth"
"apothecary","apothecari"
"appal","appal"
"appall","appal"
"appalled","appal"
"appals","appal"
"apparel","apparel"
"apparell","apparel"
"apparelled","apparel"
"apparent","appar"
"apparently","appar"
"apparition","apparit"
"apparitions","apparit"
"appeach","appeach"
"appeal","appeal"
"appeals","appeal"
"appear","appear"
"appearance","appear"
"appeared","appear"
"appeareth","appeareth"
"appearing","appear"
"appears","appear"
"appeas","appea"
"appease","appeas"
"appeased","appeas"
"appelant","appel"
"appele","appel"
"appelee","appele"
"appeles","appel"
"appelez","appelez"
"appellant","appel"
"appellants","appel"
"appelons","appelon"
"appendix","appendix"
"apperil","apperil"
"appertain","appertain"
"appertaining","appertain"
"appertainings","appertain"
"appertains","appertain"
"appertinent","appertin"
"appertinents","appertin"
"appetite","appetit"
"appetites","appetit"
"applaud","applaud"
"applauded","applaud"
"applauding","applaud"
"applause","applaus"
"applauses","applaus"
"apple","appl"
"apples","appl"
"appletart","appletart"
"appliance","applianc"
"appliances","applianc"
"applications","applic"
"applied","appli"
"applies","appli"
"apply","appli"
"applying","appli"
"appoint","appoint"
"appointed","appoint"
"appointment","appoint"
"appointments","appoint"
"appoints","appoint"
"apprehend","apprehend"
"apprehended","apprehend"
"apprehends","apprehend"
"apprehension","apprehens"
"apprehensions","apprehens"
"apprehensive","apprehens"
"apprendre","apprendr"
"apprenne","apprenn"
"apprenticehood","apprenticehood"
"appris","appri"
"approach","approach"
"approachers","approach"
"approaches","approach"
"approacheth","approacheth"
"approaching","approach"
"approbation","approb"
"approof","approof"
"appropriation","appropri"
"approv","approv"
"approve","approv"
"approved","approv"
"approvers","approv"
"approves","approv"
"appurtenance","appurten"
"appurtenances","appurten"
"apricocks","apricock"
"april","april"
"apron","apron"
"aprons","apron"
"apt","apt"
"apter","apter"
"aptest","aptest"
"aptly","aptli"
"aptness","apt"
"aqua","aqua"
"aquilon","aquilon"
"aquitaine","aquitain"
"arabia","arabia"
"arabian","arabian"
"araise","arais"
"arbitrate","arbitr"
"arbitrating","arbitr"
"arbitrator","arbitr"
"arbitrement","arbitr"
"arbors","arbor"
"arbour","arbour"
"arc","arc"
"arch","arch"
"archbishop","archbishop"
"archbishopric","archbishopr"
"archdeacon","archdeacon"
"arched","arch"
"archelaus","archelau"
"archer","archer"
"archers","archer"
"archery","archeri"
"archibald","archibald"
"archidamus","archidamu"
"architect","architect"
"arcu","arcu"
"arde","ard"
"arden","arden"
"ardent","ardent"
"ardour","ardour"
"are","ar"
"argal","argal"
"argier","argier"
"argo","argo"
"argosies","argosi"
"argosy","argosi"
"argu","argu"
"argue","argu"
"argued","argu"
"argues","argu"
"arguing","argu"
"argument","argument"
"arguments","argument"
"argus","argu"
"ariachne","ariachn"
"ariadne","ariadn"
"ariel","ariel"
"aries","ari"
"aright","aright"
"arinado","arinado"
"arinies","arini"
"arion","arion"
"arise","aris"
"arises","aris"
"ariseth","ariseth"
"arising","aris"
"aristode","aristod"
"aristotle","aristotl"
"arithmetic","arithmet"
"arithmetician","arithmetician"
"ark","ark"
"arm","arm"
"arma","arma"
"armado","armado"
"armadoes","armado"
"armagnac","armagnac"
"arme","arm"
"armed","arm"
"armenia","armenia"
"armies","armi"
"armigero","armigero"
"arming","arm"
"armipotent","armipot"
"armor","armor"
"armour","armour"
"armourer","armour"
"armourers","armour"
"armours","armour"
"armoury","armouri"
"arms","arm"
"army","armi"
"arn","arn"
"aroint","aroint"
"arose","aros"
"arouse","arous"
"aroused","arous"
"arragon","arragon"
"arraign","arraign"
"arraigned","arraign"
"arraigning","arraign"
"arraignment","arraign"
"arrant","arrant"
"arras","arra"
"array","arrai"
"arrearages","arrearag"
"arrest","arrest"
"arrested","arrest"
"arrests","arrest"
"arriv","arriv"
"arrival","arriv"
"arrivance","arriv"
"arrive","arriv"
"arrived","arriv"
"arrives","arriv"
"arriving","arriv"
"arrogance","arrog"
"arrogancy","arrog"
"arrogant","arrog"
"arrow","arrow"
"arrows","arrow"
"art","art"
"artemidorus","artemidoru"
"arteries","arteri"
"arthur","arthur"
"article","articl"
"articles","articl"
"articulate","articul"
"artificer","artific"
"artificial","artifici"
"artillery","artilleri"
"artire","artir"
"artist","artist"
"artists","artist"
"artless","artless"
"artois","artoi"
"arts","art"
"artus","artu"
"arviragus","arviragu"
"as","as"
"asaph","asaph"
"ascanius","ascaniu"
"ascend","ascend"
"ascended","ascend"
"ascendeth","ascendeth"
"ascends","ascend"
"ascension","ascens"
"ascent","ascent"
"ascribe","ascrib"
"ascribes","ascrib"
"ash","ash"
"asham","asham"
"ashamed","asham"
"asher","asher"
"ashes","ash"
"ashford","ashford"
"ashore","ashor"
"ashouting","ashout"
"ashy","ashi"
"asia","asia"
"aside","asid"
"ask","ask"
"askance","askanc"
"asked","ask"
"asker","asker"
"asketh","asketh"
"asking","ask"
"asks","ask"
"aslant","aslant"
"asleep","asleep"
"asmath","asmath"
"asp","asp"
"aspect","aspect"
"aspects","aspect"
"aspen","aspen"
"aspersion","aspers"
"aspic","aspic"
"aspicious","aspici"
"aspics","aspic"
"aspir","aspir"
"aspiration","aspir"
"aspire","aspir"
"aspiring","aspir"
"asquint","asquint"
"ass","ass"
"assail","assail"
"assailable","assail"
"assailant","assail"
"assailants","assail"
"assailed","assail"
"assaileth","assaileth"
"assailing","assail"
"assails","assail"
"assassination","assassin"
"assault","assault"
"assaulted","assault"
"assaults","assault"
"assay","assai"
"assaying","assai"
"assays","assai"
"assemblance","assembl"
"assemble","assembl"
"assembled","assembl"
"assemblies","assembl"
"assembly","assembl"
"assent","assent"
"asses","ass"
"assez","assez"
"assign","assign"
"assigned","assign"
"assigns","assign"
"assinico","assinico"
"assist","assist"
"assistance","assist"
"assistances","assist"
"assistant","assist"
"assistants","assist"
"assisted","assist"
"assisting","assist"
"associate","associ"
"associated","associ"
"associates","associ"
"assuage","assuag"
"assubjugate","assubjug"
"assum","assum"
"assume","assum"
"assumes","assum"
"assumption","assumpt"
"assur","assur"
"assurance","assur"
"assure","assur"
"assured","assur"
"assuredly","assuredli"
"assures","assur"
"assyrian","assyrian"
"astonish","astonish"
"astonished","astonish"
"astraea","astraea"
"astray","astrai"
"astrea","astrea"
"astronomer","astronom"
"astronomers","astronom"
"astronomical","astronom"
"astronomy","astronomi"
"asunder","asund"
"at","at"
"atalanta","atalanta"
"ate","at"
"ates","at"
"athenian","athenian"
"athenians","athenian"
"athens","athen"
"athol","athol"
"athversary","athversari"
"athwart","athwart"
"atlas","atla"
"atomies","atomi"
"atomy","atomi"
"atone","aton"
"atonement","aton"
"atonements","aton"
"atropos","atropo"
"attach","attach"
"attached","attach"
"attachment","attach"
"attain","attain"
"attainder","attaind"
"attains","attain"
"attaint","attaint"
"attainted","attaint"
"attainture","attaintur"
"attempt","attempt"
"attemptable","attempt"
"attempted","attempt"
"attempting","attempt"
"attempts","attempt"
"attend","attend"
"attendance","attend"
"attendant","attend"
"attendants","attend"
"attended","attend"
"attendents","attend"
"attendeth","attendeth"
"attending","attend"
"attends","attend"
"attent","attent"
"attention","attent"
"attentive","attent"
"attentivenes","attentiven"
"attest","attest"
"attested","attest"
"attir","attir"
"attire","attir"
"attired","attir"
"attires","attir"
"attorney","attornei"
"attorneyed","attornei"
"attorneys","attornei"
"attorneyship","attorneyship"
"attract","attract"
"attraction","attract"
"attractive","attract"
"attracts","attract"
"attribute","attribut"
"attributed","attribut"
"attributes","attribut"
"attribution","attribut"
"attributive","attribut"
"atwain","atwain"
"au","au"
"aubrey","aubrei"
"auburn","auburn"
"aucun","aucun"
"audacious","audaci"
"audaciously","audaci"
"audacity","audac"
"audible","audibl"
"audience","audienc"
"audis","audi"
"audit","audit"
"auditor","auditor"
"auditors","auditor"
"auditory","auditori"
"audre","audr"
"audrey","audrei"
"aufidius","aufidiu"
"aufidiuses","aufidius"
"auger","auger"
"aught","aught"
"augment","augment"
"augmentation","augment"
"augmented","augment"
"augmenting","augment"
"augurer","augur"
"augurers","augur"
"augures","augur"
"auguring","augur"
"augurs","augur"
"augury","auguri"
"august","august"
"augustus","augustu"
"auld","auld"
"aumerle","aumerl"
"aunchient","aunchient"
"aunt","aunt"
"aunts","aunt"
"auricular","auricular"
"aurora","aurora"
"auspicious","auspici"
"aussi","aussi"
"austere","auster"
"austerely","auster"
"austereness","auster"
"austerity","auster"
"austria","austria"
"aut","aut"
"authentic","authent"
"author","author"
"authorities","author"
"authority","author"
"authorized","author"
"authorizing","author"
"authors","author"
"autolycus","autolycu"
"autre","autr"
"autumn","autumn"
"auvergne","auvergn"
"avail","avail"
"avails","avail"
"avarice","avaric"
"avaricious","avarici"
"avaunt","avaunt"
"ave","av"
"aveng","aveng"
"avenge","aveng"
"avenged","aveng"
"averring","aver"
"avert","avert"
"aves","av"
"avez","avez"
"avis","avi"
"avoid","avoid"
"avoided","avoid"
"avoiding","avoid"
"avoids","avoid"
"avoirdupois","avoirdupoi"
"avouch","avouch"
"avouched","avouch"
"avouches","avouch"
"avouchment","avouch"
"avow","avow"
"aw","aw"
"await","await"
"awaits","await"
"awak","awak"
"awake","awak"
"awaked","awak"
"awaken","awaken"
"awakened","awaken"
"awakens","awaken"
"awakes","awak"
"awaking","awak"
"award","award"
"awards","award"
"awasy","awasi"
"away","awai"
"awe","aw"
"aweary","aweari"
"aweless","aweless"
"awful","aw"
"awhile","awhil"
"awkward","awkward"
"awl","awl"
"awooing","awoo"
"awork","awork"
"awry","awri"
"axe","ax"
"axle","axl"
"axletree","axletre"
"ay","ay"
"aye","ay"
"ayez","ayez"
"ayli","ayli"
"azur","azur"
"azure","azur"